Workbook

Sheet Product Backlog
A1: Product Backlog priorizado | E1: Integrantes: Virginia Silva, Benjamín Veliz, Amaro Astorga
A2: Proyecto LifeGuard B'UP · Hospital Aquiles Miro · SixVcompany | Prioridad = orden de ejecución (1 = lo primero). Celdas en azul = datos de entrada editables. | E2: Docente: Marco Antonio Valenzuela Contreras
E3: Capstone_004D
A4: Prioridad | B4: ID | C4: Tipo | D4: Épica | E4: Historia de usuario / Ítem | F4: Criterios de aceptación | G4: Rol | H4: MoSCoW | I4: Valor de negocio (1-10) | J4: Riesgo mitigado (1-10) | K4: Esfuerzo (puntos) | L4: Puntaje (valor+riesgo)/esfuerzo | M4: Fase / Sprint | N4: Dependencias | O4: Responsable | P4: Inicio | Q4: Fin | R4: Estado
A5: 1 | B5: HE-01 | C5: Habilitador | D5: E0 · Habilitadores técnicos | E5: Levantamiento y análisis de requerimientos funcionales y no funcionales | F5: Documento de requerimientos aprobado antes del Sprint 1 | G5: Equipo | H5: Must | I5: 9 | J5: 8 | K5: 5 | L5: =ROUND((I5+J5)/K5,2) -> 3.4 | M5: Planificación | N5: — | O5: Amaro Astorga / Equipo | P5: 46266 | Q5: 46281 | R5: Hecho
A6: 2 | B6: HE-02 | C6: Habilitador | D6: E0 · Habilitadores técnicos | E6: Diseño del modelo de base de datos (pacientes, users, fichas_clinicas, adjuntos_medicos, audit_log, backups_log) | F6: Modelo de base de datos documentado con sus relaciones | G6: Equipo | H6: Must | I6: 9 | J6: 8 | K6: 5 | L6: =ROUND((I6+J6)/K6,2) -> 3.4 | M6: Planificación | N6: HE-01 | O6: Virginia Silva (BD) | P6: 46266 | Q6: 46281 | R6: Hecho
A7: 3 | B7: HE-03 | C7: Habilitador | D7: E0 · Habilitadores técnicos | E7: Diseño de la arquitectura general (4 capas: presentación, negocio, persistencia, resguardo) | F7: Documento de arquitectura aprobado, con separación entre motor relacional y almacenamiento de objetos | G7: Equipo | H7: Must | I7: 9 | J7: 9 | K7: 5 | L7: =ROUND((I7+J7)/K7,2) -> 3.6 | M7: Planificación | N7: HE-01 | O7: Benjamín Veliz / Amaro Astorga | P7: 46266 | Q7: 46281 | R7: Hecho
A8: 4 | B8: HE-04 | C8: Habilitador | D8: E0 · Habilitadores técnicos | E8: Elaboración de la carta Gantt del proyecto | F8: Carta Gantt aprobada antes del inicio del Sprint 1 | G8: Equipo | H8: Must | I8: 6 | J8: 5 | K8: 2 | L8: =ROUND((I8+J8)/K8,2) -> 5.5 | M8: Planificación | N8: HE-01, HE-02, HE-03 | O8: Amaro Astorga (PM) | P8: 46282 | Q8: 46287 | R8: Hecho
A9: 5 | B9: HU-01 | C9: Historia | D9: E1 · Registro y autenticación de usuarios | E9: Como administrativo, quiero registrar nuevos usuarios en el sistema, para que el personal y los pacientes tengan acceso formal. | F9: El registro guarda el usuario en la tabla users y valida campos obligatorios y correo/RUT únicos. | G9: Administrativo | H9: Must | I9: 8 | J9: 8 | K9: 3 | L9: =ROUND((I9+J9)/K9,2) -> 5.33 | M9: Sprint 1 | N9: HE-02 | O9: Benjamín Veliz (Dev) | P9: 46288 | Q9: 46304 | R9: Hecho
A10: 6 | B10: HU-02 | C10: Historia | D10: E1 · Registro y autenticación de usuarios | E10: Como usuario registrado, quiero iniciar sesión con mis credenciales, para acceder a mis funcionalidades de forma segura. | F10: La contraseña se almacena con password_hash, nunca en texto plano. Las credenciales incorrectas muestran un error genérico. | G10: Todos los roles | H10: Must | I10: 10 | J10: 10 | K10: 4 | L10: =ROUND((I10+J10)/K10,2) -> 5 | M10: Sprint 1 | N10: HU-01 | O10: Benjamín Veliz (Dev) | P10: 46288 | Q10: 46304 | R10: Hecho
A11: 7 | B11: HU-04 | C11: Historia | D11: E2 · Control de acceso por roles (RBAC) | E11: Como médico, quiero acceder solo a las funciones clínicas de mi rol, para trabajar con las fichas sin exponer funciones administrativas. | F11: El médico solo ve módulos clínicos. Un acceso fuera del rol es rechazado y queda registrado. | G11: Médico | H11: Must | I11: 10 | J11: 10 | K11: 3 | L11: =ROUND((I11+J11)/K11,2) -> 6.67 | M11: Sprint 1 | N11: HU-02 | O11: Benjamín Veliz (Dev) | P11: 46288 | Q11: 46304 | R11: Por hacer
A12: 8 | B12: HU-03 | C12: Historia | D12: E1 · Registro y autenticación de usuarios | E12: Como administrador, quiero crear, editar, activar y desactivar cuentas y perfiles, para mantener controlado quién tiene acceso. | F12: El CRUD de usuarios permite estados de cuenta (activo, inactivo, suspendido). | G12: Administrador | H12: Must | I12: 7 | J12: 6 | K12: 3 | L12: =ROUND((I12+J12)/K12,2) -> 4.33 | M12: Sprint 1 | N12: HU-01 | O12: Benjamín Veliz (Dev) | P12: 46288 | Q12: 46304 | R12: Hecho
A13: 9 | B13: HU-05 | C13: Historia | D13: E2 · Control de acceso por roles (RBAC) | E13: Como administrativo, quiero gestionar datos administrativos sin ver el contenido clínico sensible, para cumplir con el principio de mínimo privilegio. | F13: El administrativo no visualiza diagnóstico ni tratamiento. El intento de acceso queda registrado. | G13: Administrativo | H13: Must | I13: 8 | J13: 9 | K13: 2 | L13: =ROUND((I13+J13)/K13,2) -> 8.5 | M13: Sprint 1 | N13: HU-04 | O13: Benjamín Veliz (Dev) | P13: 46288 | Q13: 46304 | R13: Por hacer
A14: 10 | B14: HU-06 | C14: Historia | D14: E2 · Control de acceso por roles (RBAC) | E14: Como paciente, quiero consultar únicamente mi propia información, para tener la certeza de que nadie más accede a ella. | F14: El paciente solo accede a sus propios datos. Cualquier intento sobre otro paciente es rechazado y registrado. | G14: Paciente | H14: Must | I14: 8 | J14: 9 | K14: 2 | L14: =ROUND((I14+J14)/K14,2) -> 8.5 | M14: Sprint 1 | N14: HU-04 | O14: Benjamín Veliz (Dev) | P14: 46288 | Q14: 46304 | R14: Hecho
A15: 11 | B15: HU-07 | C15: Historia | D15: E2 · Control de acceso por roles (RBAC) | E15: Como auditor, quiero un acceso de solo lectura a los registros de control, para revisar sin poder modificar nada. | F15: El auditor no puede crear, editar ni eliminar. Su acceso queda registrado. | G15: Auditor | H15: Must | I15: 6 | J15: 7 | K15: 1 | L15: =ROUND((I15+J15)/K15,2) -> 13 | M15: Sprint 1 | N15: HU-04 | O15: Benjamín Veliz (Dev) | P15: 46288 | Q15: 46304 | R15: Hecho
A16: 12 | B16: HU-08 | C16: Historia | D16: E3 · Gestión de fichas clínicas electrónicas | E16: Como médico, quiero crear la ficha clínica de un paciente, para registrar su atención de forma digital. | F16: La ficha se guarda en fichas_clinicas y queda asociada al paciente y al médico que la creó. | G16: Médico | H16: Must | I16: 10 | J16: 8 | K16: 5 | L16: =ROUND((I16+J16)/K16,2) -> 3.6 | M16: Sprint 2 | N16: HU-04, HE-02 | O16: Benjamín Veliz (Dev) | P16: 46309 | Q16: 46325 | R16: Hecho
... A31: 27 | B31: HE-06 | C31: Habilitador | D31: E0 · Habilitadores técnicos | E31: Entrega final y presentación del proyecto Capstone | F31: Acta de cierre y presentación al cliente | G31: Equipo | H31: Must | I31: 8 | J31: 5 | K31: 2 | L31: =ROUND((I31+J31)/K31,2) -> 6.5 | M31: Cierre | N31: HE-05 | O31: Equipo SixVcompany | P31: 46358 | Q31: 46360 | R31: Por hacer

Sheet Resumen por Sprint
A1: Resumen del backlog por fase / sprint
A3: Fase / Sprint | B3: N° de ítems | C3: Puntos totales | D3: Capacidad objetivo (puntos) | E3: Diferencia vs capacidad | F3: Ítems Must | G3: Ítems Should | H3: Ítems Could | I3: Puntos Should + Could (diferibles)
A4: Planificación | B4: =COUNTIF('Product Backlog'!$M$5:$M$31,A4) -> 4 | C4: =SUMIFS('Product Backlog'!$K$5:$K$31,'Product Backlog'!$M$5:$M$31,A4) -> 17 | D4: — | E4: =IF(ISNUMBER(D4),C4-D4,"—") -> — | F4: =COUNTIFS('Product Backlog'!$M$5:$M$31,A4,'Product Backlog'!$H$5:$H$31,"Must") -> 4 | G4: =COUNTIFS('Product Backlog'!$M$5:$M$31,A4,'Product Backlog'!$H$5:$H$31,"Should") -> 0 | H4: =COUNTIFS('Product Backlog'!$M$5:$M$31,A4,'Product Backlog'!$H$5:$H$31,"Could") -> 0 | I4: =SUMIFS('Product Backlog'!$K$5:$K$31,'Product Backlog'!$M$5:$M$31,A4,'Product Backlog'!$H$5:$H$31,"Should")+SUMIFS('Product Backlog'!$K$5:$K$31,'Product Backlog'!$M$5:$M$31,A4,'Product Backlog'!$H$5:$H$31,"Could") -> 0
A5: Sprint 1 | B5: =COUNTIF('Product Backlog'!$M$5:$M$31,A5) -> 7 | C5: =SUMIFS('Product Backlog'!$K$5:$K$31,'Product Backlog'!$M$5:$M$31,A5) -> 18 | D5: 18 | E5: =IF(ISNUMBER(D5),C5-D5,"—") -> 0 | F5: =COUNTIFS('Product Backlog'!$M$5:$M$31,A5,'Product Backlog'!$H$5:$H$31,"Must") -> 7 | G5: =COUNTIFS('Product Backlog'!$M$5:$M$31,A5,'Product Backlog'!$H$5:$H$31,"Should") -> 0 | H5: =COUNTIFS('Product Backlog'!$M$5:$M$31,A5,'Product Backlog'!$H$5:$H$31,"Could") -> 0 | I5: =SUMIFS('Product Backlog'!$K$5:$K$31,'Product Backlog'!$M$5:$M$31,A5,'Product Backlog'!$H$5:$H$31,"Should")+SUMIFS('Product Backlog'!$K$5:$K$31,'Product Backlog'!$M$5:$M$31,A5,'Product Backlog'!$H$5:$H$31,"Could") -> 0
A6: Sprint 2 | B6: =COUNTIF('Product Backlog'!$M$5:$M$31,A6) -> 7 | C6: =SUMIFS('Product Backlog'!$K$5:$K$31,'Product Backlog'!$M$5:$M$31,A6) -> 21 | D6: 18 | E6: =IF(ISNUMBER(D6),C6-D6,"—") -> 3 | F6: =COUNTIFS('Product Backlog'!$M$5:$M$31,A6,'Product Backlog'!$H$5:$H$31,"Must") -> 4 | G6: =COUNTIFS('Product Backlog'!$M$5:$M$31,A6,'Product Backlog'!$H$5:$H$31,"Should") -> 2 | H6: =COUNTIFS('Product Backlog'!$M$5:$M$31,A6,'Product Backlog'!$H$5:$H$31,"Could") -> 1 | I6: =SUMIFS('Product Backlog'!$K$5:$K$31,'Product Backlog'!$M$5:$M$31,A6,'Product Backlog'!$H$5:$H$31,"Should")+SUMIFS('Product Backlog'!$K$5:$K$31,'Product Backlog'!$M$5:$M$31,A6,'Product Backlog'!$H$5:$H$31,"Could") -> 5
A7: Sprint 3 | B7: =COUNTIF('Product Backlog'!$M$5:$M$31,A7) -> 7 | C7: =SUMIFS('Product Backlog'!$K$5:$K$31,'Product Backlog'!$M$5:$M$31,A7) -> 18 | D7: 18 | E7: =IF(ISNUMBER(D7),C7-D7,"—") -> 0 | F7: =COUNTIFS('Product Backlog'!$M$5:$M$31,A7,'Product Backlog'!$H$5:$H$31,"Must") -> 5 | G7: =COUNTIFS('Product Backlog'!$M$5:$M$31,A7,'Product Backlog'!$H$5:$H$31,"Should") -> 2 | H7: =COUNTIFS('Product Backlog'!$M$5:$M$31,A7,'Product Backlog'!$H$5:$H$31,"Could") -> 0 | I7: =SUMIFS('Product Backlog'!$K$5:$K$31,'Product Backlog'!$M$5:$M$31,A7,'Product Backlog'!$H$5:$H$31,"Should")+SUMIFS('Product Backlog'!$K$5:$K$31,'Product Backlog'!$M$5:$M$31,A7,'Product Backlog'!$H$5:$H$31,"Could") -> 2
A8: Cierre | B8: =COUNTIF('Product Backlog'!$M$5:$M$31,A8) -> 2 | C8: =SUMIFS('Product Backlog'!$K$5:$K$31,'Product Backlog'!$M$5:$M$31,A8) -> 7 | D8: — | E8: =IF(ISNUMBER(D8),C8-D8,"—") -> — | F8: =COUNTIFS('Product Backlog'!$M$5:$M$31,A8,'Product Backlog'!$H$5:$H$31,"Must") -> 2 | G8: =COUNTIFS('Product Backlog'!$M$5:$M$31,A8,'Product Backlog'!$H$5:$H$31,"Should") -> 0 | H8: =COUNTIFS('Product Backlog'!$M$5:$M$31,A8,'Product Backlog'!$H$5:$H$31,"Could") -> 0 | I8: =SUMIFS('Product Backlog'!$K$5:$K$31,'Product Backlog'!$M$5:$M$31,A8,'Product Backlog'!$H$5:$H$31,"Should")+SUMIFS('Product Backlog'!$K$5:$K$31,'Product Backlog'!$M$5:$M$31,A8,'Product Backlog'!$H$5:$H$31,"Could") -> 0
A9: Total | B9: =SUM(B4:B8) -> 27 | C9: =SUM(C4:C8) -> 81 | F9: =SUM(F4:F8) -> 22 | G9: =SUM(G4:G8) -> 4 | H9: =SUM(H4:H8) -> 1 | I9: =SUM(I4:I8) -> 7
A11: Capacidad objetivo: 18 puntos de historia por sprint (Análisis de Caso Scrum, sección 5.4). El documento indica que el Sprint 2 requiere más esfuerzo por los archivos pesados.
A12: Si el Sprint 2 no alcanza, lo primero a diferir son los ítems Should y Could (HU-10, HU-11, HU-14).
A14: Épica | B14: N° de ítems | C14: Puntos totales
A15: E0 · Habilitadores técnicos | B15: =COUNTIF('Product Backlog'!$D$5:$D$31,A15) -> 6 | C15: =SUMIFS('Product Backlog'!$K$5:$K$31,'Product Backlog'!$D$5:$D$31,A15) -> 24
A16: E1 · Registro y autenticación de usuarios | B16: =COUNTIF('Product Backlog'!$D$5:$D$31,A16) -> 3 | C16: =SUMIFS('Product Backlog'!$K$5:$K$31,'Product Backlog'!$D$5:$D$31,A16) -> 10
A17: E2 · Control de acceso por roles (RBAC) | B17: =COUNTIF('Product Backlog'!$D$5:$D$31,A17) -> 4 | C17: =SUMIFS('Product Backlog'!$K$5:$K$31,'Product Backlog'!$D$5:$D$31,A17) -> 8
A18: E3 · Gestión de fichas clínicas electrónicas | B18: =COUNTIF('Product Backlog'!$D$5:$D$31,A18) -> 4 | C18: =SUMIFS('Product Backlog'!$K$5:$K$31,'Product Backlog'!$D$5:$D$31,A18) -> 12
A19: E4 · Adjuntos médicos con integridad verificada | B19: =COUNTIF('Product Backlog'!$D$5:$D$31,A19) -> 3 | C19: =SUMIFS('Product Backlog'!$K$5:$K$31,'Product Backlog'!$D$5:$D$31,A19) -> 9
A20: E5 · Respaldos y continuidad operativa | B20: =COUNTIF('Product Backlog'!$D$5:$D$31,A20) -> 4 | C20: =SUMIFS('Product Backlog'!$K$5:$K$31,'Product Backlog'!$D$5:$D$31,A20) -> 11
A21: E6 · Auditoría inalterable | B21: =COUNTIF('Product Backlog'!$D$5:$D$31,A21) -> 3 | C21: =SUMIFS('Product Backlog'!$K$5:$K$31,'Product Backlog'!$D$5:$D$31,A21) -> 7

Sheet Notas y Criterios
A1: Cómo se priorizó
A3: Prioridad | B3: Orden de ejecución (1 = lo primero). Se definió con este orden de decisión: 1) fase del proyecto (planificación, Sprint 1, 2, 3, cierre), 2) dependencias técnicas entre ítems (por ejemplo, el login va después del registro y el RBAC después del login), 3) puntaje y MoSCoW dentro de cada sprint.
A4: MoSCoW | B4: Must: sin esto la plataforma no cumple los objetivos del Acta (seguridad, trazabilidad, continuidad). Should: importante, pero puede diferirse sin romper el objetivo. Could: deseable si hay capacidad.
A5: Valor de negocio (1-10) | B5: Qué tanto aporta al objetivo del proyecto. Propuesta inicial, a validar con el Product Owner y el cliente.
A6: Riesgo mitigado (1-10) | B6: Qué tanto reduce los riesgos iniciales del Acta: seguridad y control de acceso (crítico), trazabilidad (alto), continuidad operativa (alto), rendimiento (medio).
A7: Esfuerzo (puntos) | B7: Estimación en puntos de historia (escala 1, 2, 3, 5). Es una estimación inicial hecha a partir de las tareas del EDT, sin planning poker. Cada sprint se calibró a la meta de 18 puntos.
A8: Puntaje | B8: (Valor + Riesgo) ÷ Esfuerzo. Es un apoyo para comparar ítems dentro de un mismo sprint. No reemplaza el orden por dependencias.
A9: Fechas | B9: Corresponden a las ventanas de desarrollo de cada sprint según la Carta Gantt y el Acta de Constitución. El EDT indica que las fechas por módulo dentro de un sprint son estimadas.
A10: Responsables | B10: Tomados de la Carta Gantt y del EDT.
A11: Habilitadores (HE) | B11: Tareas técnicas o de gestión que no son historias de usuario, pero que el EDT exige: planificación inicial y cierre.
A12: Fuentes | B12: EDT (3_EDT.xlsx), Carta Gantt (3_1_Carta_Gantt.xlsx), Épicas e Historias de Usuario (docx), Acta de Constitución y Análisis de Caso Scrum.
A13: Códigos de color | B13: Azul = dato de entrada editable. Negro = fórmula o texto fijo.
