Workbook

Sheet Sprint Planning
A1: Sprint Planning · Sprint 2: Fichas y adjuntos
A2: Proyecto LifeGuard B'UP · Hospital Aquiles Miro · SixVcompany | Azul = dato editable. Fechas planificadas según la Carta Gantt.
A4: Datos generales
A5: Sprint | B5: Sprint 2 · Fichas y adjuntos
A6: Estado del sprint | B6: En curso
A7: Inicio del sprint | B7: 46309
A8: Fin del sprint | B8: 46329
A9: Inicio de desarrollo | B9: 46309
A10: Fin de desarrollo | B10: 46325
A11: Cierre del sprint (entrega del incremento) | B11: 02/11/2026 al 03/11/2026
A12: Duración (días corridos) | B12: =B8-B7+1 -> 21
A13: Product Owner | B13: Amaro Astorga (gerente de proyecto)
A14: Scrum Master | B14: Virginia Silva
A15: Equipo de desarrollo | B15: Benjamín Veliz, Virginia Silva y Amaro Astorga
A17: Objetivo del sprint
A18: Objetivo | B18: Entregar el módulo central de fichas clínicas electrónicas y la carga de archivos adjuntos (exámenes, recetas, imágenes) con almacenamiento desacoplado y verificación de integridad.
A19: Incremento esperado | B19: Incremento funcional de fichas clínicas y adjuntos, validado.
A21: Capacidad y compromiso
A22: Capacidad objetivo (puntos) | B22: 18
A23: Puntos comprometidos | B23: ='Sprint Backlog'!H12 -> 21
A24: Diferencia vs capacidad | B24: =B23-B22 -> 3
A25: N° de historias | B25: =COUNTA('Sprint Backlog'!B5:B11) -> 7
A26: Meta de cumplimiento por sprint | B26: 0.85
A28: Definición de terminado (DoD)
A29: DoD 1 | B29: Los criterios de aceptación de la historia están cumplidos y verificados.
A30: DoD 2 | B30: El código fue revisado por otro integrante del equipo.
A31: DoD 3 | B31: Las pruebas funcionales de la historia fueron ejecutadas sin errores críticos.
A32: DoD 4 | B32: El incremento está integrado y funcionando en el entorno del proyecto.
A33: DoD 5 | B33: El incremento fue presentado y validado en la Sprint Review.
A34: DoD 6 | B34: El 100% de los adjuntos tiene hash de integridad validado tras la carga.
A35: DoD 7 | B35: Los archivos pesados quedan en el almacenamiento de objetos; la base de datos guarda solo la URL y los metadatos.
A37: Riesgos del sprint y mitigación
A38: Sobrecarga del sprint: se comprometen 21 puntos contra una capacidad de 18. | B38: Si el avance no alcanza, diferir HU-10, HU-11 y HU-14 (5 puntos) al Sprint 3 o al backlog.
A39: Rendimiento y escalabilidad (impacto medio): guardar archivos pesados en la base relacional degrada el sistema. | B39: Mantener el almacenamiento desacoplado y probar con archivos de tamaño real.
A40: Acceso indebido a fichas y adjuntos de otros pacientes. | B40: Reutilizar el RBAC del Sprint 1 y probar los permisos de médico, administrativo y paciente.

Sheet Sprint Backlog
A1: Sprint Backlog · Sprint 2
A2: Cambia el Estado y la Fecha de término (azul). El Scrumboard y el Burndown se alimentan de esta hoja. Las columnas K y L son auxiliares: no editar.
A4: N° | B4: ID | C4: Título corto | D4: Historia de usuario | E4: Criterios de aceptación | F4: Tarea del EDT | G4: Responsable | H4: Pts | I4: Estado | J4: Fecha de término | K4: Tarjeta (aux.) | L4: Clave (aux.)
A5: 1 | B5: HU-08 | C5: Crear ficha clínica | D5: Como médico, quiero crear la ficha clínica de un paciente, para registrar su atención de forma digital. | E5: La ficha se guarda en fichas_clinicas y queda asociada al paciente y al médico que la creó. | F5: 1.4.1 Módulo de fichas clínicas electrónicas | G5: Benjamín Veliz (Dev) | H5: 5 | I5: En progreso | K5: =B5&" · "&C5&CHAR(10)&H5&" pts · "&G5 -> HU-08 · Crear ficha clínica 5 pts · Benjamín Veliz (Dev) | L5: =I5&"|"&COUNTIF($I$5:I5,I5) -> En progreso|1
A6: 2 | B6: HU-09 | C6: Consultar y editar fichas | D6: Como médico, quiero consultar y actualizar fichas existentes, para mantener el historial clínico al día. | E6: Las modificaciones quedan asociadas al usuario y a la fecha. | F6: 1.4.1 Módulo de fichas clínicas electrónicas | G6: Benjamín Veliz (Dev) | H6: 3 | I6: En progreso | K6: =B6&" · "&C6&CHAR(10)&H6&" pts · "&G6 -> HU-09 · Consultar y editar fichas 3 pts · Benjamín Veliz (Dev) | L6: =I6&"|"&COUNTIF($I$5:I6,I6) -> En progreso|2
A7: 3 | B7: HU-12 | C7: Adjuntar archivos | D7: Como médico, quiero adjuntar exámenes, recetas e imágenes a la ficha del paciente, para tener todo el respaldo clínico en un solo lugar. | E7: Los archivos se guardan en adjuntos_medicos con almacenamiento desacoplado de la base de datos. | F7: 1.4.2 Carga y gestión de adjuntos | G7: Benjamín Veliz / Virginia Silva | H7: 5 | I7: En progreso | K7: =B7&" · "&C7&CHAR(10)&H7&" pts · "&G7 -> HU-12 · Adjuntar archivos 5 pts · Benjamín Veliz / Virginia Silva | L7: =I7&"|"&COUNTIF($I$5:I7,I7) -> En progreso|3
A8: 4 | B8: HU-13 | C8: Validar hash de adjuntos | D8: Como médico, quiero que el sistema valide el hash_integridad de cada adjunto al abrirlo, para saber que el archivo no fue alterado. | E8: El 100% de los adjuntos tiene hash validado tras la carga. Si no coincide, se alerta y se registra. | F8: 1.4.2 Carga y gestión de adjuntos | G8: Benjamín Veliz / Virginia Silva | H8: 3 | I8: En progreso | K8: =B8&" · "&C8&CHAR(10)&H8&" pts · "&G8 -> HU-13 · Validar hash de adjuntos 3 pts · Benjamín Veliz / Virginia Silva | L8: =I8&"|"&COUNTIF($I$5:I8,I8) -> En progreso|4
A9: 5 | B9: HU-10 | C9: Buscar pacientes y fichas | D9: Como administrativo, quiero buscar pacientes y sus fichas por RUT o nombre, para ubicar rápidamente el registro correcto. | E9: La búsqueda respeta los permisos del rol. | F9: 1.4.1 Módulo de fichas clínicas electrónicas | G9: Benjamín Veliz (Dev) | H9: 2 | I9: En progreso | K9: =B9&" · "&C9&CHAR(10)&H9&" pts · "&G9 -> HU-10 · Buscar pacientes y fichas 2 pts · Benjamín Veliz (Dev) | L9: =I9&"|"&COUNTIF($I$5:I9,I9) -> En progreso|5
A10: 6 | B10: HU-11 | C10: Paciente ve su ficha | D10: Como paciente, quiero ver mi ficha clínica en modo lectura, para conocer mi historial de atención. | E10: El paciente solo ve su propia ficha y no puede editarla. | F10: 1.4.1 Módulo de fichas clínicas electrónicas | G10: Benjamín Veliz (Dev) | H10: 2 | I10: En progreso | K10: =B10&" · "&C10&CHAR(10)&H10&" pts · "&G10 -> HU-11 · Paciente ve su ficha 2 pts · Benjamín Veliz (Dev) | L10: =I10&"|"&COUNTIF($I$5:I10,I10) -> En progreso|6
A11: 7 | B11: HU-14 | C11: Paciente descarga archivos | D11: Como paciente, quiero descargar mis exámenes y recetas, para usarlos fuera del hospital. | E11: Solo se pueden descargar los adjuntos propios. | F11: 1.4.2 Carga y gestión de adjuntos | G11: Benjamín Veliz / Virginia Silva | H11: 1 | I11: En progreso | K11: =B11&" · "&C11&CHAR(10)&H11&" pts · "&G11 -> HU-14 · Paciente descarga archivos 1 pts · Benjamín Veliz / Virginia Silva | L11: =I11&"|"&COUNTIF($I$5:I11,I11) -> En progreso|7
D12: Total comprometido | H12: =SUM(H5:H11) -> 21

Sheet Scrumboard
A1: Scrumboard · Sprint 2: Fichas y adjuntos
A2: Las tarjetas se ubican solas según el Estado de la hoja Sprint Backlog.
A4: Por hacer | B4: En progreso | C4: En revisión | D4: Hecho
A5: =IFERROR(INDEX('Sprint Backlog'!$K$5:$K$11,MATCH(A$4&"|"&ROWS(A$5:A5),'Sprint Backlog'!$L$5:$L$11,0)),"") | B5: =IFERROR(INDEX('Sprint Backlog'!$K$5:$K$11,MATCH(B$4&"|"&ROWS(B$5:B5),'Sprint Backlog'!$L$5:$L$11,0)),"") -> HU-08 · Crear ficha clínica 5 pts · Benjamín Veliz (Dev) | C5: =IFERROR(INDEX('Sprint Backlog'!$K$5:$K$11,MATCH(C$4&"|"&ROWS(C$5:C5),'Sprint Backlog'!$L$5:$L$11,0)),"") | D5: =IFERROR(INDEX('Sprint Backlog'!$K$5:$K$11,MATCH(D$4&"|"&ROWS(D$5:D5),'Sprint Backlog'!$L$5:$L$11,0)),"")
A6: =IFERROR(INDEX('Sprint Backlog'!$K$5:$K$11,MATCH(A$4&"|"&ROWS(A$5:A6),'Sprint Backlog'!$L$5:$L$11,0)),"") | B6: =IFERROR(INDEX('Sprint Backlog'!$K$5:$K$11,MATCH(B$4&"|"&ROWS(B$5:B6),'Sprint Backlog'!$L$5:$L$11,0)),"") -> HU-09 · Consultar y editar fichas 3 pts · Benjamín Veliz (Dev) | C6: =IFERROR(INDEX('Sprint Backlog'!$K$5:$K$11,MATCH(C$4&"|"&ROWS(C$5:C6),'Sprint Backlog'!$L$5:$L$11,0)),"") | D6: =IFERROR(INDEX('Sprint Backlog'!$K$5:$K$11,MATCH(D$4&"|"&ROWS(D$5:D6),'Sprint Backlog'!$L$5:$L$11,0)),"")
A7: =IFERROR(INDEX('Sprint Backlog'!$K$5:$K$11,MATCH(A$4&"|"&ROWS(A$5:A7),'Sprint Backlog'!$L$5:$L$11,0)),"") | B7: =IFERROR(INDEX('Sprint Backlog'!$K$5:$K$11,MATCH(B$4&"|"&ROWS(B$5:B7),'Sprint Backlog'!$L$5:$L$11,0)),"") -> HU-12 · Adjuntar archivos 5 pts · Benjamín Veliz / Virginia Silva | C7: =IFERROR(INDEX('Sprint Backlog'!$K$5:$K$11,MATCH(C$4&"|"&ROWS(C$5:C7),'Sprint Backlog'!$L$5:$L$11,0)),"") | D7: =IFERROR(INDEX('Sprint Backlog'!$K$5:$K$11,MATCH(D$4&"|"&ROWS(D$5:D7),'Sprint Backlog'!$L$5:$L$11,0)),"")
A8: =IFERROR(INDEX('Sprint Backlog'!$K$5:$K$11,MATCH(A$4&"|"&ROWS(A$5:A8),'Sprint Backlog'!$L$5:$L$11,0)),"") | B8: =IFERROR(INDEX('Sprint Backlog'!$K$5:$K$11,MATCH(B$4&"|"&ROWS(B$5:B8),'Sprint Backlog'!$L$5:$L$11,0)),"") -> HU-13 · Validar hash de adjuntos 3 pts · Benjamín Veliz / Virginia Silva | C8: =IFERROR(INDEX('Sprint Backlog'!$K$5:$K$11,MATCH(C$4&"|"&ROWS(C$5:C8),'Sprint Backlog'!$L$5:$L$11,0)),"") | D8: =IFERROR(INDEX('Sprint Backlog'!$K$5:$K$11,MATCH(D$4&"|"&ROWS(D$5:D8),'Sprint Backlog'!$L$5:$L$11,0)),"")
A9: =IFERROR(INDEX('Sprint Backlog'!$K$5:$K$11,MATCH(A$4&"|"&ROWS(A$5:A9),'Sprint Backlog'!$L$5:$L$11,0)),"") | B9: =IFERROR(INDEX('Sprint Backlog'!$K$5:$K$11,MATCH(B$4&"|"&ROWS(B$5:B9),'Sprint Backlog'!$L$5:$L$11,0)),"") -> HU-10 · Buscar pacientes y fichas 2 pts · Benjamín Veliz (Dev) | C9: =IFERROR(INDEX('Sprint Backlog'!$K$5:$K$11,MATCH(C$4&"|"&ROWS(C$5:C9),'Sprint Backlog'!$L$5:$L$11,0)),"") | D9: =IFERROR(INDEX('Sprint Backlog'!$K$5:$K$11,MATCH(D$4&"|"&ROWS(D$5:D9),'Sprint Backlog'!$L$5:$L$11,0)),"")
A10: =IFERROR(INDEX('Sprint Backlog'!$K$5:$K$11,MATCH(A$4&"|"&ROWS(A$5:A10),'Sprint Backlog'!$L$5:$L$11,0)),"") | B10: =IFERROR(INDEX('Sprint Backlog'!$K$5:$K$11,MATCH(B$4&"|"&ROWS(B$5:B10),'Sprint Backlog'!$L$5:$L$11,0)),"") -> HU-11 · Paciente ve su ficha 2 pts · Benjamín Veliz (Dev) | C10: =IFERROR(INDEX('Sprint Backlog'!$K$5:$K$11,MATCH(C$4&"|"&ROWS(C$5:C10),'Sprint Backlog'!$L$5:$L$11,0)),"") | D10: =IFERROR(INDEX('Sprint Backlog'!$K$5:$K$11,MATCH(D$4&"|"&ROWS(D$5:D10),'Sprint Backlog'!$L$5:$L$11,0)),"")
A11: =IFERROR(INDEX('Sprint Backlog'!$K$5:$K$11,MATCH(A$4&"|"&ROWS(A$5:A11),'Sprint Backlog'!$L$5:$L$11,0)),"") | B11: =IFERROR(INDEX('Sprint Backlog'!$K$5:$K$11,MATCH(B$4&"|"&ROWS(B$5:B11),'Sprint Backlog'!$L$5:$L$11,0)),"") -> HU-14 · Paciente descarga archivos 1 pts · Benjamín Veliz / Virginia Silva | C11: =IFERROR(INDEX('Sprint Backlog'!$K$5:$K$11,MATCH(C$4&"|"&ROWS(C$5:C11),'Sprint Backlog'!$L$5:$L$11,0)),"") | D11: =IFERROR(INDEX('Sprint Backlog'!$K$5:$K$11,MATCH(D$4&"|"&ROWS(D$5:D11),'Sprint Backlog'!$L$5:$L$11,0)),"")
A12: =COUNTIF('Sprint Backlog'!$I$5:$I$11,A$4) -> 0 | B12: =COUNTIF('Sprint Backlog'!$I$5:$I$11,B$4) -> 7 | C12: =COUNTIF('Sprint Backlog'!$I$5:$I$11,C$4) -> 0 | D12: =COUNTIF('Sprint Backlog'!$I$5:$I$11,D$4) -> 0
A13: =SUMIFS('Sprint Backlog'!$H$5:$H$11,'Sprint Backlog'!$I$5:$I$11,A$4) -> 0 | B13: =SUMIFS('Sprint Backlog'!$H$5:$H$11,'Sprint Backlog'!$I$5:$I$11,B$4) -> 21 | C13: =SUMIFS('Sprint Backlog'!$H$5:$H$11,'Sprint Backlog'!$I$5:$I$11,C$4) -> 0 | D13: =SUMIFS('Sprint Backlog'!$H$5:$H$11,'Sprint Backlog'!$I$5:$I$11,D$4) -> 0

Sheet Burndown Chart
A1: Burndown Chart · Sprint 2
A2: Ideal: línea recta de los puntos comprometidos a cero. Real: ingresa los puntos que quedan al cierre de cada día (celdas amarillas). No se descontaron feriados.
A3: Puntos comprometidos | B3: ='Sprint Backlog'!H12 -> 21
A4: Días hábiles del sprint | B4: =MAX(A9:A24) -> 15
A5: Fecha de inicio | B5: ='Sprint Planning'!B7 -> 46309
A8: Día | B8: Fecha | C8: Ideal (puntos restantes) | D8: Real (puntos restantes)
A9: 0 | B9: Inicio | C9: =ROUND($B$3*(1-A9/$B$4),2) -> 21 | D9: =$B$3 -> 21
A10: 1 | B10: =WORKDAY($B$5-1,1) -> 46309 | C10: =ROUND($B$3*(1-A10/$B$4),2) -> 19.6
A11: 2 | B11: =WORKDAY(B10,1) -> 46310 | C11: =ROUND($B$3*(1-A11/$B$4),2) -> 18.2
A12: 3 | B12: =WORKDAY(B11,1) -> 46311 | C12: =ROUND($B$3*(1-A12/$B$4),2) -> 16.8
A13: 4 | B13: =WORKDAY(B12,1) -> 46314 | C13: =ROUND($B$3*(1-A13/$B$4),2) -> 15.4
A14: 5 | B14: =WORKDAY(B13,1) -> 46315 | C14: =ROUND($B$3*(1-A14/$B$4),2) -> 14
A15: 6 | B15: =WORKDAY(B14,1) -> 46316 | C15: =ROUND($B$3*(1-A15/$B$4),2) -> 12.6
A16: 7 | B16: =WORKDAY(B15,1) -> 46317 | C16: =ROUND($B$3*(1-A16/$B$4),2) -> 11.2
A17: 8 | B17: =WORKDAY(B16,1) -> 46318 | C17: =ROUND($B$3*(1-A17/$B$4),2) -> 9.8
A18: 9 | B18: =WORKDAY(B17,1) -> 46321 | C18: =ROUND($B$3*(1-A18/$B$4),2) -> 8.4
A19: 10 | B19: =WORKDAY(B18,1) -> 46322 | C19: =ROUND($B$3*(1-A19/$B$4),2) -> 7
A20: 11 | B20: =WORKDAY(B19,1) -> 46323 | C20: =ROUND($B$3*(1-A20/$B$4),2) -> 5.6
A21: 12 | B21: =WORKDAY(B20,1) -> 46324 | C21: =ROUND($B$3*(1-A21/$B$4),2) -> 4.2
A22: 13 | B22: =WORKDAY(B21,1) -> 46325 | C22: =ROUND($B$3*(1-A22/$B$4),2) -> 2.8
... A24: 15 | B24: =WORKDAY(B23,1) -> 46329 | C24: =ROUND($B$3*(1-A24/$B$4),2) -> 0

Sheet Daily Meeting
A1: Daily Meeting · Sprint 2
A2: Reunión diaria de 15 minutos. Tres preguntas: qué avancé, qué haré hoy y qué me bloquea. Completa las celdas amarillas. Si hay un bloqueo, regístralo también en Impediment Log.
A4: Fecha | B4: Asistentes | C4: ¿Qué avancé desde ayer? | D4: ¿Qué haré hoy? | E4: ¿Impedimentos? | F4: Acuerdos / observaciones
A5: Ejemplo | B5: Benjamín | C5: Avancé en el formulario de la ficha clínica. | D5: Conectar el formulario con la tabla fichas_clinicas. | E5: Esperando la definición final de los campos. | F5: —
A6: =WORKDAY('Sprint Planning'!$B$7-1,1) -> 46309
A7: =WORKDAY(A6,1) -> 46310
A8: =WORKDAY(A7,1) -> 46311
A9: =WORKDAY(A8,1) -> 46314
A10: =WORKDAY(A9,1) -> 46315
A11: =WORKDAY(A10,1) -> 46316
A12: =WORKDAY(A11,1) -> 46317
A13: =WORKDAY(A12,1) -> 46318
A14: =WORKDAY(A13,1) -> 46321
A15: =WORKDAY(A14,1) -> 46322
A16: =WORKDAY(A15,1) -> 46323
A17: =WORKDAY(A16,1) -> 46324
A18: =WORKDAY(A17,1) -> 46325
... A20: =WORKDAY(A19,1) -> 46329

Sheet Impediment Log
A1: Registro de impedimentos · Sprint 2
A2: Un impedimento es lo que bloquea el avance del equipo. El Scrum Master (Virginia Silva) lo gestiona hasta resolverlo. La fila gris es un ejemplo.
C3: Abiertos o en gestión | E3: Resueltos | G3: Total registrados
C4: =COUNTIF(H8:H17,"Abierto")+COUNTIF(H8:H17,"En gestión") -> 0 | E4: =COUNTIF(H8:H17,"Resuelto") -> 0 | G4: =COUNTA(C8:C17) -> 0
A6: N° | B6: Fecha detección | C6: Impedimento | D6: Impacto | E6: Historia afectada | F6: Responsable de resolverlo | G6: Fecha compromiso | H6: Estado | I6: Fecha resolución | J6: Acción / resolución
A7: Ej. | B7: — | C7: Faltan ejemplos reales de exámenes para probar la carga de adjuntos. | D7: Medio | E7: HU-12 | F7: Virginia Silva | G7: — | H7: Abierto | I7: — | J7: Pedir archivos de muestra al encargado de TI.
A8: 1
A9: 2
A10: 3
A11: 4
A12: 5
A13: 6
A14: 7
A15: 8
A16: 9
A17: 10

Sheet Release
A1: Release · Sprint 2
A2: El release es la entrega del incremento terminado del sprint. Actualiza el checklist (celdas amarillas) a medida que se cumple.
A4: Release | B4: Release 2 · Fichas clínicas y adjuntos
A5: Versión propuesta | B5: v0.2.0
A6: Fecha planificada de entrega | B6: 46329
A7: Entorno de publicación | B7: Servidor físico del proyecto
A8: Responsable de la entrega | B8: Amaro Astorga (Product Owner)
A9: Estado del release | B9: =IF(COUNTIF('Sprint Backlog'!I5:I11,"Hecho")=COUNTA('Sprint Backlog'!B5:B11),"Listo para entregar","Pendiente: faltan historias por terminar") -> Pendiente: faltan historias por terminar
A11: Contenido del release | B11: Historia | C11: Estado | D11: ¿Incluida en el release?
A12: ='Sprint Backlog'!B5&" · "&'Sprint Backlog'!C5 -> HU-08 · Crear ficha clínica | B12: ='Sprint Backlog'!D5 -> Como médico, quiero crear la ficha clínica de un paciente, para registrar su atención de forma digital. | C12: ='Sprint Backlog'!I5 -> En progreso | D12: =IF(C12="Hecho","Sí","No") -> No
A13: ='Sprint Backlog'!B6&" · "&'Sprint Backlog'!C6 -> HU-09 · Consultar y editar fichas | B13: ='Sprint Backlog'!D6 -> Como médico, quiero consultar y actualizar fichas existentes, para mantener el historial clínico al día. | C13: ='Sprint Backlog'!I6 -> En progreso | D13: =IF(C13="Hecho","Sí","No") -> No
A14: ='Sprint Backlog'!B7&" · "&'Sprint Backlog'!C7 -> HU-12 · Adjuntar archivos | B14: ='Sprint Backlog'!D7 -> Como médico, quiero adjuntar exámenes, recetas e imágenes a la ficha del paciente, para tener todo el respaldo clínico en un solo lugar. | C14: ='Sprint Backlog'!I7 -> En progreso | D14: =IF(C14="Hecho","Sí","No") -> No
A15: ='Sprint Backlog'!B8&" · "&'Sprint Backlog'!C8 -> HU-13 · Validar hash de adjuntos | B15: ='Sprint Backlog'!D8 -> Como médico, quiero que el sistema valide el hash_integridad de cada adjunto al abrirlo, para saber que el archivo no fue alterado. | C15: ='Sprint Backlog'!I8 -> En progreso | D15: =IF(C15="Hecho","Sí","No") -> No
A16: ='Sprint Backlog'!B9&" · "&'Sprint Backlog'!C9 -> HU-10 · Buscar pacientes y fichas | B16: ='Sprint Backlog'!D9 -> Como administrativo, quiero buscar pacientes y sus fichas por RUT o nombre, para ubicar rápidamente el registro correcto. | C16: ='Sprint Backlog'!I9 -> En progreso | D16: =IF(C16="Hecho","Sí","No") -> No
A17: ='Sprint Backlog'!B10&" · "&'Sprint Backlog'!C10 -> HU-11 · Paciente ve su ficha | B17: ='Sprint Backlog'!D10 -> Como paciente, quiero ver mi ficha clínica en modo lectura, para conocer mi historial de atención. | C17: ='Sprint Backlog'!I10 -> En progreso | D17: =IF(C17="Hecho","Sí","No") -> No
A18: ='Sprint Backlog'!B11&" · "&'Sprint Backlog'!C11 -> HU-14 · Paciente descarga archivos | B18: ='Sprint Backlog'!D11 -> Como paciente, quiero descargar mis exámenes y recetas, para usarlos fuera del hospital. | C18: ='Sprint Backlog'!I11 -> En progreso | D18: =IF(C18="Hecho","Sí","No") -> No
A20: Checklist de release | B20: Detalle | C20: Estado
A21: Historias del Sprint Backlog terminadas | B21: Todas las historias comprometidas en estado Hecho | C21: Pendiente
A22: Definición de terminado cumplida | B22: Ver la hoja Sprint Planning | C22: Pendiente
A23: Pruebas aprobadas | B23: Pruebas funcionales y de acceso por rol sin errores críticos | C23: Pendiente
A24: Incremento desplegado | B24: Funcionando en el servidor del proyecto | C24: Pendiente
A25: Respaldo previo a la publicación | B25: Copia de la base de datos antes de publicar | C25: Pendiente
A26: Documentación actualizada | B26: Modelo de base de datos y arquitectura, si cambiaron | C26: Pendiente
A27: Sprint Review realizada | B27: Incremento aceptado por el Product Owner | C27: Pendiente
A28: Notas de versión publicadas | B28: Novedades, pendientes y problemas conocidos | C28: Pendiente
A29: Checklist completado | B29: =COUNTIF(C21:C28,"OK")&" de "&ROWS(C21:C28)&" ítems" -> 0 de 8 ítems
A31: Notas de versión
A32: Novedades | B32: Creación, consulta y actualización de fichas clínicas, carga de adjuntos con almacenamiento desacoplado y verificación de integridad por hash.
A33: Pendientes o diferidos
A34: Problemas conocidos

Sheet Review
A1: Sprint Review · Sprint 2
A2: Reunión de cierre donde se muestra el incremento a los interesados y se recoge su opinión. Completa las celdas amarillas.
A4: Fecha de la Review | B4: 46328
A5: Objetivo del sprint | B5: ='Sprint Planning'!B18 -> Entregar el módulo central de fichas clínicas electrónicas y la carga de archivos adjuntos (exámenes, recetas, imágenes) con almacenamiento desacoplado y verificación de integridad.
A7: Participante | B7: Cargo / rol | C7: ¿Asistió?
A8: Marci Ana Barrientos Camila | B8: Directora del Hospital Aquiles Miro
A9: Esmeralda Loyola | B9: Representante del personal médico y administrativo (usuario final)
A10: Helena Santamaría | B10: Encargado de TI del Hospital
A11: Rodrigo Castillo | B11: Responsable de protección de datos y cumplimiento
A12: Amaro Astorga | B12: Product Owner (SixVcompany)
A13: Virginia Silva | B13: Scrum Master (SixVcompany)
A14: Benjamín Veliz | B14: Desarrollador (SixVcompany)
A16: Historia demostrada | B16: Qué se mostró | C16: ¿Demostrada? | D16: Resultado | E16: Observaciones del cliente
A17: ='Sprint Backlog'!B5&" · "&'Sprint Backlog'!C5 -> HU-08 · Crear ficha clínica | B17: ='Sprint Backlog'!E5 -> La ficha se guarda en fichas_clinicas y queda asociada al paciente y al médico que la creó.
A18: ='Sprint Backlog'!B6&" · "&'Sprint Backlog'!C6 -> HU-09 · Consultar y editar fichas | B18: ='Sprint Backlog'!E6 -> Las modificaciones quedan asociadas al usuario y a la fecha.
A19: ='Sprint Backlog'!B7&" · "&'Sprint Backlog'!C7 -> HU-12 · Adjuntar archivos | B19: ='Sprint Backlog'!E7 -> Los archivos se guardan en adjuntos_medicos con almacenamiento desacoplado de la base de datos.
A20: ='Sprint Backlog'!B8&" · "&'Sprint Backlog'!C8 -> HU-13 · Validar hash de adjuntos | B20: ='Sprint Backlog'!E8 -> El 100% de los adjuntos tiene hash validado tras la carga. Si no coincide, se alerta y se registra.
A21: ='Sprint Backlog'!B9&" · "&'Sprint Backlog'!C9 -> HU-10 · Buscar pacientes y fichas | B21: ='Sprint Backlog'!E9 -> La búsqueda respeta los permisos del rol.
A22: ='Sprint Backlog'!B10&" · "&'Sprint Backlog'!C10 -> HU-11 · Paciente ve su ficha | B22: ='Sprint Backlog'!E10 -> El paciente solo ve su propia ficha y no puede editarla.
A23: ='Sprint Backlog'!B11&" · "&'Sprint Backlog'!C11 -> HU-14 · Paciente descarga archivos | B23: ='Sprint Backlog'!E11 -> Solo se pueden descargar los adjuntos propios.
A25: Historias aceptadas | B25: =COUNTIF(D17:D23,"Aceptada")&" de "&ROWS(D17:D23) -> 0 de 7
A26: ¿El Product Owner acepta el incremento?
A28: Cambio al Product Backlog | B28: Detalle | C28: Prioridad | D28: Responsable

Sheet Retrospective
A1: Sprint Retrospective · Sprint 2
A2: Reunión del equipo para mejorar la forma de trabajar. Completa las celdas amarillas y registra siempre los acuerdos de mejora.
A4: Métrica del sprint | B4: Valor
A5: Puntos comprometidos | B5: ='Sprint Backlog'!H12 -> 21
A6: Puntos completados (estado Hecho) | B6: =SUMIFS('Sprint Backlog'!H5:H11,'Sprint Backlog'!I5:I11,"Hecho") -> 0
A7: % de cumplimiento | B7: =IFERROR(B6/B5,0) -> 0
A8: Meta de cumplimiento | B8: ='Sprint Planning'!B26 -> 0.85
A9: ¿Se cumple la meta? | B9: =IF(B7>=B8,"Sí","No") -> No
A10: Historias completadas | B10: =COUNTIF('Sprint Backlog'!I5:I11,"Hecho")&" de "&COUNTA('Sprint Backlog'!B5:B11) -> 0 de 7
A12: Qué salió bien | B12: Qué no salió bien | C12: Qué podemos mejorar
A20: Acuerdo de mejora | B20: Responsable | C20: Plazo
A27: Los acuerdos se revisan al inicio de: Sprint 3 (Respaldos y auditoría).
