Workbook

Sheet Sprint Planning
A1: Sprint Planning · Sprint 1: Autenticación
A2: Proyecto LifeGuard B'UP · Hospital Aquiles Miro · SixVcompany | Azul = dato editable. Fechas planificadas según la Carta Gantt.
A4: Datos generales
A5: Sprint | B5: Sprint 1 · Autenticación
A6: Estado del sprint | B6: Completado
A7: Inicio del sprint | B7: 46288
A8: Fin del sprint | B8: 46308
A9: Inicio de desarrollo | B9: 46288
A10: Fin de desarrollo | B10: 46304
A11: Cierre del sprint (entrega del incremento) | B11: 12/10/2026 al 13/10/2026
A12: Duración (días corridos) | B12: =B8-B7+1 -> 21
A13: Product Owner | B13: Amaro Astorga (gerente de proyecto)
A14: Scrum Master | B14: Virginia Silva
A15: Equipo de desarrollo | B15: Benjamín Veliz, Virginia Silva y Amaro Astorga
A17: Objetivo del sprint
A18: Objetivo | B18: Entregar el acceso seguro a la plataforma: registro de usuarios, inicio de sesión, gestión de usuarios y control de acceso por roles (médico, administrativo, paciente y auditor).
A19: Incremento esperado | B19: Incremento funcional de autenticación y RBAC, validado.
A21: Capacidad y compromiso
A22: Capacidad objetivo (puntos) | B22: 18
A23: Puntos comprometidos | B23: ='Sprint Backlog'!H12 -> 18
A24: Diferencia vs capacidad | B24: =B23-B22 -> 0
A25: N° de historias | B25: =COUNTA('Sprint Backlog'!B5:B11) -> 7
A26: Meta de cumplimiento por sprint | B26: 0.85
A28: Definición de terminado (DoD)
A29: DoD 1 | B29: Los criterios de aceptación de la historia están cumplidos y verificados.
A30: DoD 2 | B30: El código fue revisado por otro integrante del equipo.
A31: DoD 3 | B31: Las pruebas funcionales de la historia fueron ejecutadas sin errores críticos.
A32: DoD 4 | B32: El incremento está integrado y funcionando en el entorno del proyecto.
A33: DoD 5 | B33: El incremento fue presentado y validado en la Sprint Review.
A34: DoD 6 | B34: La contraseña de cada usuario se guarda con hash (password_hash), nunca en texto plano.
A35: DoD 7 | B35: Pruebas de control de acceso por rol sin accesos no autorizados detectados.
A37: Riesgos del sprint y mitigación
A38: Seguridad y control de acceso (impacto crítico): permisos mal definidos exponen datos clínicos. | B38: Probar cada rol contra cada función antes del cierre y registrar los accesos rechazados.
A39: Dependencias entre historias: el login requiere el registro y el RBAC requiere el login. | B39: Respetar el orden de prioridad del backlog (HU-01, HU-02, HU-04).
A40: Estimación informal del esfuerzo, sin técnicas de consenso. | B40: Estimar en equipo y revisar la estimación en la retrospectiva.

Sheet Sprint Backlog
A1: Sprint Backlog · Sprint 1 | D1: Integrantes: Virginia Silva, Benjamín Veliz, Amaro Astorga
A2: Cambia el Estado y la Fecha de término (azul). El Scrumboard y el Burndown se alimentan de esta hoja. Las columnas K y L son auxiliares: no editar. | D2: Docente: Marco Antonio Valenzuela Contreras
D3: Capstone_004D
A4: N° | B4: ID | C4: Título corto | D4: Historia de usuario | E4: Criterios de aceptación | F4: Tarea del EDT | G4: Responsable | H4: Pts | I4: Estado | J4: Fecha de término | K4: Tarjeta (aux.) | L4: Clave (aux.)
A5: 1 | B5: HU-01 | C5: Registro de usuarios | D5: Como administrativo, quiero registrar nuevos usuarios en el sistema, para que el personal y los pacientes tengan acceso formal. | E5: El registro guarda el usuario en la tabla users y valida campos obligatorios y correo/RUT únicos. | F5: 1.3.1 Módulo de registro de usuarios | G5: Benjamín Veliz (Dev) | H5: 3 | I5: Hecho | J5: 46304 | K5: =B5&" · "&C5&CHAR(10)&H5&" pts · "&G5 -> HU-01 · Registro de usuarios 3 pts · Benjamín Veliz (Dev) | L5: =I5&"|"&COUNTIF($I$5:I5,I5) -> Hecho|1
A6: 2 | B6: HU-02 | C6: Inicio de sesión | D6: Como usuario registrado, quiero iniciar sesión con mis credenciales, para acceder a mis funcionalidades de forma segura. | E6: La contraseña se almacena con password_hash, nunca en texto plano. Las credenciales incorrectas muestran un error genérico. | F6: 1.3.2 Módulo de inicio de sesión (login) | G6: Benjamín Veliz (Dev) | H6: 4 | I6: Hecho | J6: 46304 | K6: =B6&" · "&C6&CHAR(10)&H6&" pts · "&G6 -> HU-02 · Inicio de sesión 4 pts · Benjamín Veliz (Dev) | L6: =I6&"|"&COUNTIF($I$5:I6,I6) -> Hecho|2
A7: 3 | B7: HU-04 | C7: RBAC médico | D7: Como médico, quiero acceder solo a las funciones clínicas de mi rol, para trabajar con las fichas sin exponer funciones administrativas. | E7: El médico solo ve módulos clínicos. Un acceso fuera del rol es rechazado y queda registrado. | F7: 1.3.4 Control de acceso basado en roles (RBAC) | G7: Benjamín Veliz (Dev) | H7: 3 | I7: Hecho | J7: 46304 | K7: =B7&" · "&C7&CHAR(10)&H7&" pts · "&G7 -> HU-04 · RBAC médico 3 pts · Benjamín Veliz (Dev) | L7: =I7&"|"&COUNTIF($I$5:I7,I7) -> Hecho|3
A8: 4 | B8: HU-03 | C8: Gestión de usuarios | D8: Como administrador, quiero crear, editar, activar y desactivar cuentas y perfiles, para mantener controlado quién tiene acceso. | E8: El CRUD de usuarios permite estados de cuenta (activo, inactivo, suspendido). | F8: 1.3.3 Gestión de usuarios y perfiles | G8: Benjamín Veliz (Dev) | H8: 3 | I8: Hecho | J8: 46304 | K8: =B8&" · "&C8&CHAR(10)&H8&" pts · "&G8 -> HU-03 · Gestión de usuarios 3 pts · Benjamín Veliz (Dev) | L8: =I8&"|"&COUNTIF($I$5:I8,I8) -> Hecho|4
A9: 5 | B9: HU-05 | C9: RBAC administrativo | D9: Como administrativo, quiero gestionar datos administrativos sin ver el contenido clínico sensible, para cumplir con el principio de mínimo privilegio. | E9: El administrativo no visualiza diagnóstico ni tratamiento. El intento de acceso queda registrado. | F9: 1.3.4 Control de acceso basado en roles (RBAC) | G9: Benjamín Veliz (Dev) | H9: 2 | I9: Hecho | J9: 46304 | K9: =B9&" · "&C9&CHAR(10)&H9&" pts · "&G9 -> HU-05 · RBAC administrativo 2 pts · Benjamín Veliz (Dev) | L9: =I9&"|"&COUNTIF($I$5:I9,I9) -> Hecho|5
A10: 6 | B10: HU-06 | C10: RBAC paciente | D10: Como paciente, quiero consultar únicamente mi propia información, para tener la certeza de que nadie más accede a ella. | E10: El paciente solo accede a sus propios datos. Cualquier intento sobre otro paciente es rechazado y registrado. | F10: 1.3.4 Control de acceso basado en roles (RBAC) | G10: Benjamín Veliz (Dev) | H10: 2 | I10: Hecho | J10: 46304 | K10: =B10&" · "&C10&CHAR(10)&H10&" pts · "&G10 -> HU-06 · RBAC paciente 2 pts · Benjamín Veliz (Dev) | L10: =I10&"|"&COUNTIF($I$5:I10,I10) -> Hecho|6
A11: 7 | B11: HU-07 | C11: RBAC auditor | D11: Como auditor, quiero un acceso de solo lectura a los registros de control, para revisar sin poder modificar nada. | E11: El auditor no puede crear, editar ni eliminar. Su acceso queda registrado. | F11: 1.3.4 Control de acceso basado en roles (RBAC) | G11: Benjamín Veliz (Dev) | H11: 1 | I11: Hecho | J11: 46305 | K11: =B11&" · "&C11&CHAR(10)&H11&" pts · "&G11 -> HU-07 · RBAC auditor 1 pts · Benjamín Veliz (Dev) | L11: =I11&"|"&COUNTIF($I$5:I11,I11) -> Hecho|7
D12: Total comprometido | H12: =SUM(H5:H11) -> 18

Sheet Scrumboard
A1: Scrumboard · Sprint 1: Autenticación
A2: Las tarjetas se ubican solas según el Estado de la hoja Sprint Backlog.
A4: Por hacer | B4: En progreso | C4: En revisión | D4: Hecho
A5: =IFERROR(INDEX('Sprint Backlog'!$K$5:$K$11,MATCH(A$4&"|"&ROWS(A$5:A5),'Sprint Backlog'!$L$5:$L$11,0)),"") | B5: =IFERROR(INDEX('Sprint Backlog'!$K$5:$K$11,MATCH(B$4&"|"&ROWS(B$5:B5),'Sprint Backlog'!$L$5:$L$11,0)),"") | C5: =IFERROR(INDEX('Sprint Backlog'!$K$5:$K$11,MATCH(C$4&"|"&ROWS(C$5:C5),'Sprint Backlog'!$L$5:$L$11,0)),"") | D5: =IFERROR(INDEX('Sprint Backlog'!$K$5:$K$11,MATCH(D$4&"|"&ROWS(D$5:D5),'Sprint Backlog'!$L$5:$L$11,0)),"") -> HU-01 · Registro de usuarios 3 pts · Benjamín Veliz (Dev)
A6: =IFERROR(INDEX('Sprint Backlog'!$K$5:$K$11,MATCH(A$4&"|"&ROWS(A$5:A6),'Sprint Backlog'!$L$5:$L$11,0)),"") | B6: =IFERROR(INDEX('Sprint Backlog'!$K$5:$K$11,MATCH(B$4&"|"&ROWS(B$5:B6),'Sprint Backlog'!$L$5:$L$11,0)),"") | C6: =IFERROR(INDEX('Sprint Backlog'!$K$5:$K$11,MATCH(C$4&"|"&ROWS(C$5:C6),'Sprint Backlog'!$L$5:$L$11,0)),"") | D6: =IFERROR(INDEX('Sprint Backlog'!$K$5:$K$11,MATCH(D$4&"|"&ROWS(D$5:D6),'Sprint Backlog'!$L$5:$L$11,0)),"") -> HU-02 · Inicio de sesión 4 pts · Benjamín Veliz (Dev)
A7: =IFERROR(INDEX('Sprint Backlog'!$K$5:$K$11,MATCH(A$4&"|"&ROWS(A$5:A7),'Sprint Backlog'!$L$5:$L$11,0)),"") | B7: =IFERROR(INDEX('Sprint Backlog'!$K$5:$K$11,MATCH(B$4&"|"&ROWS(B$5:B7),'Sprint Backlog'!$L$5:$L$11,0)),"") | C7: =IFERROR(INDEX('Sprint Backlog'!$K$5:$K$11,MATCH(C$4&"|"&ROWS(C$5:C7),'Sprint Backlog'!$L$5:$L$11,0)),"") | D7: =IFERROR(INDEX('Sprint Backlog'!$K$5:$K$11,MATCH(D$4&"|"&ROWS(D$5:D7),'Sprint Backlog'!$L$5:$L$11,0)),"") -> HU-04 · RBAC médico 3 pts · Benjamín Veliz (Dev)
A8: =IFERROR(INDEX('Sprint Backlog'!$K$5:$K$11,MATCH(A$4&"|"&ROWS(A$5:A8),'Sprint Backlog'!$L$5:$L$11,0)),"") | B8: =IFERROR(INDEX('Sprint Backlog'!$K$5:$K$11,MATCH(B$4&"|"&ROWS(B$5:B8),'Sprint Backlog'!$L$5:$L$11,0)),"") | C8: =IFERROR(INDEX('Sprint Backlog'!$K$5:$K$11,MATCH(C$4&"|"&ROWS(C$5:C8),'Sprint Backlog'!$L$5:$L$11,0)),"") | D8: =IFERROR(INDEX('Sprint Backlog'!$K$5:$K$11,MATCH(D$4&"|"&ROWS(D$5:D8),'Sprint Backlog'!$L$5:$L$11,0)),"") -> HU-03 · Gestión de usuarios 3 pts · Benjamín Veliz (Dev)
A9: =IFERROR(INDEX('Sprint Backlog'!$K$5:$K$11,MATCH(A$4&"|"&ROWS(A$5:A9),'Sprint Backlog'!$L$5:$L$11,0)),"") | B9: =IFERROR(INDEX('Sprint Backlog'!$K$5:$K$11,MATCH(B$4&"|"&ROWS(B$5:B9),'Sprint Backlog'!$L$5:$L$11,0)),"") | C9: =IFERROR(INDEX('Sprint Backlog'!$K$5:$K$11,MATCH(C$4&"|"&ROWS(C$5:C9),'Sprint Backlog'!$L$5:$L$11,0)),"") | D9: =IFERROR(INDEX('Sprint Backlog'!$K$5:$K$11,MATCH(D$4&"|"&ROWS(D$5:D9),'Sprint Backlog'!$L$5:$L$11,0)),"") -> HU-05 · RBAC administrativo 2 pts · Benjamín Veliz (Dev)
A10: =IFERROR(INDEX('Sprint Backlog'!$K$5:$K$11,MATCH(A$4&"|"&ROWS(A$5:A10),'Sprint Backlog'!$L$5:$L$11,0)),"") | B10: =IFERROR(INDEX('Sprint Backlog'!$K$5:$K$11,MATCH(B$4&"|"&ROWS(B$5:B10),'Sprint Backlog'!$L$5:$L$11,0)),"") | C10: =IFERROR(INDEX('Sprint Backlog'!$K$5:$K$11,MATCH(C$4&"|"&ROWS(C$5:C10),'Sprint Backlog'!$L$5:$L$11,0)),"") | D10: =IFERROR(INDEX('Sprint Backlog'!$K$5:$K$11,MATCH(D$4&"|"&ROWS(D$5:D10),'Sprint Backlog'!$L$5:$L$11,0)),"") -> HU-06 · RBAC paciente 2 pts · Benjamín Veliz (Dev)
A11: =IFERROR(INDEX('Sprint Backlog'!$K$5:$K$11,MATCH(A$4&"|"&ROWS(A$5:A11),'Sprint Backlog'!$L$5:$L$11,0)),"") | B11: =IFERROR(INDEX('Sprint Backlog'!$K$5:$K$11,MATCH(B$4&"|"&ROWS(B$5:B11),'Sprint Backlog'!$L$5:$L$11,0)),"") | C11: =IFERROR(INDEX('Sprint Backlog'!$K$5:$K$11,MATCH(C$4&"|"&ROWS(C$5:C11),'Sprint Backlog'!$L$5:$L$11,0)),"") | D11: =IFERROR(INDEX('Sprint Backlog'!$K$5:$K$11,MATCH(D$4&"|"&ROWS(D$5:D11),'Sprint Backlog'!$L$5:$L$11,0)),"") -> HU-07 · RBAC auditor 1 pts · Benjamín Veliz (Dev)
A12: =COUNTIF('Sprint Backlog'!$I$5:$I$11,A$4) -> 0 | B12: =COUNTIF('Sprint Backlog'!$I$5:$I$11,B$4) -> 0 | C12: =COUNTIF('Sprint Backlog'!$I$5:$I$11,C$4) -> 0 | D12: =COUNTIF('Sprint Backlog'!$I$5:$I$11,D$4) -> 7
A13: =SUMIFS('Sprint Backlog'!$H$5:$H$11,'Sprint Backlog'!$I$5:$I$11,A$4) -> 0 | B13: =SUMIFS('Sprint Backlog'!$H$5:$H$11,'Sprint Backlog'!$I$5:$I$11,B$4) -> 0 | C13: =SUMIFS('Sprint Backlog'!$H$5:$H$11,'Sprint Backlog'!$I$5:$I$11,C$4) -> 0 | D13: =SUMIFS('Sprint Backlog'!$H$5:$H$11,'Sprint Backlog'!$I$5:$I$11,D$4) -> 18

Sheet Burndown Chart
A1: Burndown Chart · Sprint 1
A2: Ideal: línea recta de los puntos comprometidos a cero. Real: ingresa los puntos que quedan al cierre de cada día (celdas amarillas). No se descontaron feriados.
A3: Puntos comprometidos | B3: ='Sprint Backlog'!H12 -> 18
A4: Días hábiles del sprint | B4: =MAX(A9:A24) -> 15
A5: Fecha de inicio | B5: ='Sprint Planning'!B7 -> 46288
A8: Día | B8: Fecha | C8: Ideal (puntos restantes) | D8: Real (puntos restantes)
A9: 0 | B9: Inicio | C9: =ROUND($B$3*(1-A9/$B$4),2) -> 18 | D9: =$B$3 -> 18
A10: 1 | B10: =WORKDAY($B$5-1,1) -> 46288 | C10: =ROUND($B$3*(1-A10/$B$4),2) -> 16.8
A11: 2 | B11: =WORKDAY(B10,1) -> 46289 | C11: =ROUND($B$3*(1-A11/$B$4),2) -> 15.6
A12: 3 | B12: =WORKDAY(B11,1) -> 46290 | C12: =ROUND($B$3*(1-A12/$B$4),2) -> 14.4
A13: 4 | B13: =WORKDAY(B12,1) -> 46293 | C13: =ROUND($B$3*(1-A13/$B$4),2) -> 13.2
A14: 5 | B14: =WORKDAY(B13,1) -> 46294 | C14: =ROUND($B$3*(1-A14/$B$4),2) -> 12
A15: 6 | B15: =WORKDAY(B14,1) -> 46295 | C15: =ROUND($B$3*(1-A15/$B$4),2) -> 10.8
A16: 7 | B16: =WORKDAY(B15,1) -> 46296 | C16: =ROUND($B$3*(1-A16/$B$4),2) -> 9.6
A17: 8 | B17: =WORKDAY(B16,1) -> 46297 | C17: =ROUND($B$3*(1-A17/$B$4),2) -> 8.4
A18: 9 | B18: =WORKDAY(B17,1) -> 46300 | C18: =ROUND($B$3*(1-A18/$B$4),2) -> 7.2
A19: 10 | B19: =WORKDAY(B18,1) -> 46301 | C19: =ROUND($B$3*(1-A19/$B$4),2) -> 6
A20: 11 | B20: =WORKDAY(B19,1) -> 46302 | C20: =ROUND($B$3*(1-A20/$B$4),2) -> 4.8
A21: 12 | B21: =WORKDAY(B20,1) -> 46303 | C21: =ROUND($B$3*(1-A21/$B$4),2) -> 3.6
A22: 13 | B22: =WORKDAY(B21,1) -> 46304 | C22: =ROUND($B$3*(1-A22/$B$4),2) -> 2.4
... A24: 15 | B24: =WORKDAY(B23,1) -> 46308 | C24: =ROUND($B$3*(1-A24/$B$4),2) -> 0

Sheet Daily Meeting
A1: Daily Meeting · Sprint 1
A2: Reunión diaria de 15 minutos. Tres preguntas: qué avancé, qué haré hoy y qué me bloquea. Completa las celdas amarillas. Si hay un bloqueo, regístralo también en Impediment Log.
A4: Fecha | B4: Asistentes | C4: ¿Qué avancé desde ayer? | D4: ¿Qué haré hoy? | E4: ¿Impedimentos? | F4: Acuerdos / observaciones
A5: Ejemplo | B5: Benjamín | C5: Terminé el formulario de registro de usuarios. | D5: Validar RUT y correo únicos. | E5: Ninguno. | F5: se observo la falta de un back page | H5: no se relleno porque no sabian que estaba esto aquí
A6: =WORKDAY('Sprint Planning'!$B$7-1,1) -> 46288
A7: =WORKDAY(A6,1) -> 46289
A8: =WORKDAY(A7,1) -> 46290
A9: =WORKDAY(A8,1) -> 46293
A10: =WORKDAY(A9,1) -> 46294
A11: =WORKDAY(A10,1) -> 46295
A12: =WORKDAY(A11,1) -> 46296
A13: =WORKDAY(A12,1) -> 46297
A14: =WORKDAY(A13,1) -> 46300
A15: =WORKDAY(A14,1) -> 46301
A16: =WORKDAY(A15,1) -> 46302
A17: =WORKDAY(A16,1) -> 46303
A18: =WORKDAY(A17,1) -> 46304
... A20: =WORKDAY(A19,1) -> 46308

Sheet Review
A1: Sprint Review · Sprint 1
A2: Reunión de cierre donde se muestra el incremento a los interesados y se recoge su opinión. Completa las celdas amarillas.
A4: Fecha de la Review | B4: 46307
A5: Objetivo del sprint | B5: ='Sprint Planning'!B18 -> Entregar el acceso seguro a la plataforma: registro de usuarios, inicio de sesión, gestión de usuarios y control de acceso por roles (médico, administrativo, paciente y auditor).
A7: Participante | B7: Cargo / rol | C7: ¿Asistió?
A8: Marci Ana Barrientos Camila | B8: Directora del Hospital Aquiles Miro | C8: Sí
A9: Esmeralda Loyola | B9: Representante del personal médico y administrativo (usuario final) | C9: No
A10: Helena Santamaría | B10: Encargado de TI del Hospital | C10: Sí
A11: Rodrigo Castillo | B11: Responsable de protección de datos y cumplimiento | C11: No
A12: Amaro Astorga | B12: Product Owner (SixVcompany) | C12: Sí
A13: Virginia Silva | B13: Scrum Master (SixVcompany) | C13: Sí
A14: Benjamín Veliz | B14: Desarrollador (SixVcompany) | C14: Sí
A16: Historia demostrada | B16: Qué se mostró | C16: ¿Demostrada? | D16: Resultado | E16: Observaciones del cliente
A17: ='Sprint Backlog'!B5&" · "&'Sprint Backlog'!C5 -> HU-01 · Registro de usuarios | B17: ='Sprint Backlog'!E5 -> El registro guarda el usuario en la tabla users y valida campos obligatorios y correo/RUT únicos. | C17: Sí | D17: Aceptada | E17: Ninguna
A18: ='Sprint Backlog'!B6&" · "&'Sprint Backlog'!C6 -> HU-02 · Inicio de sesión | B18: ='Sprint Backlog'!E6 -> La contraseña se almacena con password_hash, nunca en texto plano. Las credenciales incorrectas muestran un error genérico. | C18: Sí | D18: Aceptada | E18: Ninguna
A19: ='Sprint Backlog'!B7&" · "&'Sprint Backlog'!C7 -> HU-04 · RBAC médico | B19: ='Sprint Backlog'!E7 -> El médico solo ve módulos clínicos. Un acceso fuera del rol es rechazado y queda registrado. | C19: Sí | D19: Aceptada | E19: Ninguna
A20: ='Sprint Backlog'!B8&" · "&'Sprint Backlog'!C8 -> HU-03 · Gestión de usuarios | B20: ='Sprint Backlog'!E8 -> El CRUD de usuarios permite estados de cuenta (activo, inactivo, suspendido). | C20: Sí | D20: Aceptada | E20: Ninguna
A21: ='Sprint Backlog'!B9&" · "&'Sprint Backlog'!C9 -> HU-05 · RBAC administrativo | B21: ='Sprint Backlog'!E9 -> El administrativo no visualiza diagnóstico ni tratamiento. El intento de acceso queda registrado. | C21: Sí | D21: Aceptada | E21: Ninguna
A22: ='Sprint Backlog'!B10&" · "&'Sprint Backlog'!C10 -> HU-06 · RBAC paciente | B22: ='Sprint Backlog'!E10 -> El paciente solo accede a sus propios datos. Cualquier intento sobre otro paciente es rechazado y registrado. | C22: Sí | D22: Aceptada | E22: Ninguna
A23: ='Sprint Backlog'!B11&" · "&'Sprint Backlog'!C11 -> HU-07 · RBAC auditor | B23: ='Sprint Backlog'!E11 -> El auditor no puede crear, editar ni eliminar. Su acceso queda registrado. | C23: Sí | D23: Con observaciones | E23: Siente que deberia ser mas ordenado el portal de auditor
A25: Historias aceptadas | B25: =COUNTIF(D17:D23,"Aceptada")&" de "&ROWS(D17:D23) -> 6 de 7
A26: ¿El Product Owner acepta el incremento? | B26: Sí
A28: Cambio al Product Backlog | B28: Detalle | C28: Prioridad | D28: Responsable

Sheet Impediment Log
A1: Registro de impedimentos · Sprint 1
A2: Un impedimento es lo que bloquea el avance del equipo. El Scrum Master (Virginia Silva) lo gestiona hasta resolverlo. La fila gris es un ejemplo.
C3: Abiertos o en gestión | E3: Resueltos | G3: Total registrados
C4: =COUNTIF(H8:H17,"Abierto")+COUNTIF(H8:H17,"En gestión") -> 0 | E4: =COUNTIF(H8:H17,"Resuelto") -> 0 | G4: =COUNTA(C8:C17) -> 1
A6: N° | B6: Fecha detección | C6: Impedimento | D6: Impacto | E6: Historia afectada | F6: Responsable de resolverlo | G6: Fecha compromiso | H6: Estado | I6: Fecha resolución | J6: Acción / resolución
A7: Ej. | B7: — | C7: Falta definir los permisos exactos del rol auditor. | D7: Medio | E7: HU-07 | F7: Amaro Astorga | G7: — | H7: Abierto | I7: — | J7: Reunión con el cliente para definir permisos.
A8: 1 | B8: no se detectaron impedimentos | C8: no se detectaron impedimentos | D8: no se detectaron impedimentos | E8: no se detectaron impedimentos | F8: no se detectaron impedimentos | G8: no se detectaron impedimentos | H8: no se detectaron impedimentos | I8: no se detectaron impedimentos | J8: no se detectaron impedimentos | L8: no se detectaron impedimentos
A9: 2
A10: 3
A11: 4
A12: 5
A13: 6
A14: 7
A15: 8
A16: 9
A17: 10

Sheet Release
A1: Release · Sprint 1
A2: El release es la entrega del incremento terminado del sprint. Actualiza el checklist (celdas amarillas) a medida que se cumple.
A4: Release | B4: Release 1 · Autenticación y RBAC
A5: Versión propuesta | B5: v0.1.0
A6: Fecha planificada de entrega | B6: 46308
A7: Entorno de publicación | B7: Servidor físico del proyecto
A8: Responsable de la entrega | B8: Amaro Astorga (Product Owner)
A9: Estado del release | B9: =IF(COUNTIF('Sprint Backlog'!I5:I11,"Hecho")=COUNTA('Sprint Backlog'!B5:B11),"Listo para entregar","Pendiente: faltan historias por terminar") -> Listo para entregar
A11: Contenido del release | B11: Historia | C11: Estado | D11: ¿Incluida en el release?
A12: ='Sprint Backlog'!B5&" · "&'Sprint Backlog'!C5 -> HU-01 · Registro de usuarios | B12: ='Sprint Backlog'!D5 -> Como administrativo, quiero registrar nuevos usuarios en el sistema, para que el personal y los pacientes tengan acceso formal. | C12: ='Sprint Backlog'!I5 -> Hecho | D12: =IF(C12="Hecho","Sí","No") -> Sí
A13: ='Sprint Backlog'!B6&" · "&'Sprint Backlog'!C6 -> HU-02 · Inicio de sesión | B13: ='Sprint Backlog'!D6 -> Como usuario registrado, quiero iniciar sesión con mis credenciales, para acceder a mis funcionalidades de forma segura. | C13: ='Sprint Backlog'!I6 -> Hecho | D13: =IF(C13="Hecho","Sí","No") -> Sí
A14: ='Sprint Backlog'!B7&" · "&'Sprint Backlog'!C7 -> HU-04 · RBAC médico | B14: ='Sprint Backlog'!D7 -> Como médico, quiero acceder solo a las funciones clínicas de mi rol, para trabajar con las fichas sin exponer funciones administrativas. | C14: ='Sprint Backlog'!I7 -> Hecho | D14: =IF(C14="Hecho","Sí","No") -> Sí
A15: ='Sprint Backlog'!B8&" · "&'Sprint Backlog'!C8 -> HU-03 · Gestión de usuarios | B15: ='Sprint Backlog'!D8 -> Como administrador, quiero crear, editar, activar y desactivar cuentas y perfiles, para mantener controlado quién tiene acceso. | C15: ='Sprint Backlog'!I8 -> Hecho | D15: =IF(C15="Hecho","Sí","No") -> Sí
A16: ='Sprint Backlog'!B9&" · "&'Sprint Backlog'!C9 -> HU-05 · RBAC administrativo | B16: ='Sprint Backlog'!D9 -> Como administrativo, quiero gestionar datos administrativos sin ver el contenido clínico sensible, para cumplir con el principio de mínimo privilegio. | C16: ='Sprint Backlog'!I9 -> Hecho | D16: =IF(C16="Hecho","Sí","No") -> Sí
A17: ='Sprint Backlog'!B10&" · "&'Sprint Backlog'!C10 -> HU-06 · RBAC paciente | B17: ='Sprint Backlog'!D10 -> Como paciente, quiero consultar únicamente mi propia información, para tener la certeza de que nadie más accede a ella. | C17: ='Sprint Backlog'!I10 -> Hecho | D17: =IF(C17="Hecho","Sí","No") -> Sí
A18: ='Sprint Backlog'!B11&" · "&'Sprint Backlog'!C11 -> HU-07 · RBAC auditor | B18: ='Sprint Backlog'!D11 -> Como auditor, quiero un acceso de solo lectura a los registros de control, para revisar sin poder modificar nada. | C18: ='Sprint Backlog'!I11 -> Hecho | D18: =IF(C18="Hecho","Sí","No") -> Sí
A20: Checklist de release | B20: Detalle | C20: Estado
A21: Historias del Sprint Backlog terminadas | B21: Todas las historias comprometidas en estado Hecho | C21: OK
A22: Definición de terminado cumplida | B22: Ver la hoja Sprint Planning | C22: OK
A23: Pruebas aprobadas | B23: Pruebas funcionales y de acceso por rol sin errores críticos | C23: OK
A24: Incremento desplegado | B24: Funcionando en el servidor del proyecto | C24: OK
A25: Respaldo previo a la publicación | B25: Copia de la base de datos antes de publicar | C25: OK
A26: Documentación actualizada | B26: Modelo de base de datos y arquitectura, si cambiaron | C26: OK
A27: Sprint Review realizada | B27: Incremento aceptado por el Product Owner | C27: OK
A28: Notas de versión publicadas | B28: Novedades, pendientes y problemas conocidos | C28: OK
A29: Checklist completado | B29: =COUNTIF(C21:C28,"OK")&" de "&ROWS(C21:C28)&" ítems" -> 8 de 8 ítems
A31: Notas de versión
A32: Novedades | B32: Registro de usuarios, inicio de sesión seguro, gestión de cuentas y control de acceso por rol (médico, administrativo, paciente y auditor).
A33: Pendientes o diferidos | B33: ninguno
A34: Problemas conocidos | B34: ninguno

Sheet Retrospective
A1: Sprint Retrospective · Sprint 1
A2: Reunión del equipo para mejorar la forma de trabajar. Completa las celdas amarillas y registra siempre los acuerdos de mejora.
A4: Métrica del sprint | B4: Valor
A5: Puntos comprometidos | B5: ='Sprint Backlog'!H12 -> 18
A6: Puntos completados (estado Hecho) | B6: =SUMIFS('Sprint Backlog'!H5:H11,'Sprint Backlog'!I5:I11,"Hecho") -> 18
A7: % de cumplimiento | B7: =IFERROR(B6/B5,0) -> 1
A8: Meta de cumplimiento | B8: ='Sprint Planning'!B26 -> 0.85
A9: ¿Se cumple la meta? | B9: =IF(B7>=B8,"Sí","No") -> Sí
A10: Historias completadas | B10: =COUNTIF('Sprint Backlog'!I5:I11,"Hecho")&" de "&COUNTA('Sprint Backlog'!B5:B11) -> 7 de 7
A12: Qué salió bien | B12: Qué no salió bien | C12: Qué podemos mejorar
A13: Sorprendentemente salio todo bien, todas las ventanas funcionan correctamente | B13: La comunicación del equipo | C13: La comunicación del equipo
A20: Acuerdo de mejora | B20: Responsable | C20: Plazo
A21: La comunicación del equipo | B21: Virginia Silva, Benjamín Veliz, Amaro Astorga | C21: 46292
A27: Los acuerdos se revisan al inicio de: Sprint 2 (Fichas y adjuntos).
